{
	"page": "price_rule",
	"version": "201908151514",
	"resource": [{
			"url": "https://page.didiglobal.com/global/passenger/apps/price/price-rule-v2/index.html",
			"file": "index.html"
		},
		{
			"url": "https://static.didiglobal.com/global/passenger/apps/price/price-rule-v2/css/index.42f993f90e63ef9f2b44.css",
			"file": "index.42f993f90e63ef9f2b44.css"
		},
		{
			"url": "https://static.didiglobal.com/global/passenger/apps/price/price-rule-v2/js/index.42f993f90e63ef9f2b44.js",
			"file": "index.42f993f90e63ef9f2b44.js"
		},
		{
			"url": "https://static.didiglobal.com/global/passenger/assets/js/vue/vue.js",
			"file": "vue.js"
		},
		{
			"url": "https://static.didiglobal.com/global/passenger/assets/js/vue/vue-resource.js",
			"file": "vue-resource.js"
		},
		{
			"url": "https://static.didiglobal.com/global/passenger/assets/css/common.css",
			"file": "common.css"
		},
		{
			"url": "https://page.99taxis.mobi/passenger/apps/price/price-rule-v2/index.html",
			"file": "index_br.html"
		},
		{
			"url": "https://static.99taxis.mobi/passenger/apps/price/price-rule-v2/css/index.96726bfa6397c69107fa.css",
			"file": "index.96726bfa6397c69107fa.css"
		},
		{
			"url": "https://static.99taxis.mobi/passenger/apps/price/price-rule-v2/js/index.96726bfa6397c69107fa.js",
			"file": "index.96726bfa6397c69107fa.js"
		},
		{
			"url": "https://static.99taxis.mobi/passenger/assets/js/vue/vue.js",
			"file": "vue.js"
		},
		{
			"url": "https://static.99taxis.mobi/passenger/assets/js/vue/vue-resource.js",
			"file": "vue-resource.js"
		},
		{
			"url": "https://static.99taxis.mobi/passenger/assets/css/common.css",
			"file": "common_br.css"
		}
	]
}