{
	"page": "invite_friends",
	"version": "201909271737",
	"resource": [
		{
			"url": "https://static.didiglobal.com/global/hulk/mgm/share/static/img/no-campaign.9941522.png",
			"file": "no-campaign.9941522.png"
		},
		{
			"url": "https://static.didiglobal.com/global/hulk/mgm/share/static/img/icon-loading.1f26c50.gif",
			"file": "icon-loading.1f26c50.gif"
		},
		{
			"url": "https://static.didiglobal.com/global/hulk/mgm/share/static/img/icon-warn.a662c5d.png",
			"file": "icon-warn.a662c5d.png"
		},
		{
			"url": "https://static.didiglobal.com/global/hulk/mgm/share/static/img/icon-close.bd3c494.png",
			"file": "icon-close.bd3c494.png"
		},
		{
			"url": "https://static.didiglobal.com/global/hulk/mgm/share/static/img/icon-warn.fefb2cd.png",
			"file": "icon-warn.fefb2cd.png"
		},
		{
			"url": "https://static.didiglobal.com/global/hulk/mgm/share/static/img/icon_tips.41d0128.png",
			"file": "icon_tips.41d0128.png"
		},
		{
			"url": "https://static.didiglobal.com/global/hulk/mgm/share/static/img/icon-success.222672d.png",
			"file": "icon-success.222672d.png"
		},
		{
			"url": "https://static.didiglobal.com/global/hulk/mgm/share/static/img/icon-alert.31e4e3e.png",
			"file": "icon-alert.31e4e3e.png"
		},
		{
			"url": "https://static.didiglobal.com/global/hulk/mgm/share/static/img/share-line@2x.7dc168d.png",
			"file": "share-line@2x.7dc168d.png"
		},
		{
			"url": "https://static.didiglobal.com/global/hulk/mgm/share/static/img/share-more@2x.ca1bfab.png",
			"file": "share-more@2x.ca1bfab.png"
		},
		{
			"url": "https://static.didiglobal.com/global/hulk/mgm/share/static/img/gift_illustration.bc553f6.png",
			"file": "gift_illustration.bc553f6.png"
		},
		{
			"url": "https://static.didiglobal.com/global/hulk/mgm/share/static/img/share-twitter@2x.7d37f58.png",
			"file": "share-twitter@2x.7d37f58.png"
		},
		{
			"url": "https://static.didiglobal.com/global/hulk/mgm/share/static/img/share-link@2x.1e6dadc.png",
			"file": "share-link@2x.1e6dadc.png"
		},
		{
			"url": "https://static.didiglobal.com/global/hulk/mgm/share/static/img/share-messenger@2x.47ff062.png",
			"file": "share-messenger@2x.47ff062.png"
		},
		{
			"url": "https://static.didiglobal.com/global/hulk/mgm/share/static/img/user_logo.8cb2dc0.png",
			"file": "user_logo.8cb2dc0.png"
		},
		{
			"url": "https://static.didiglobal.com/global/hulk/mgm/share/static/img/share-sms@2x.3f9b13b.png",
			"file": "share-sms@2x.3f9b13b.png"
		},
		{
			"url": "https://static.didiglobal.com/global/hulk/mgm/share/static/img/share-fb@2x.82b2f72.png",
			"file": "share-fb@2x.82b2f72.png"
		},
		{
			"url": "https://static.didiglobal.com/global/hulk/mgm/share/static/img/share-whatsapp@2x.4aa58c6.png",
			"file": "share-whatsapp@2x.4aa58c6.png"
		},
		{
			"url": "https://static.didiglobal.com/global/hulk/mgm/share/static/js/vendor-async.4ccf280119f086cf9742.js",
			"file": "vendor-async.4ccf280119f086cf9742.js"
		},
		{
			"url": "https://static.didiglobal.com/global/hulk/mgm/share/static/js/languge18.b126c76503c47f85889d.js",
			"file": "languge18.b126c76503c47f85889d.js"
		},
		{
			"url": "https://static.didiglobal.com/global/hulk/mgm/share/static/js/languge16.23819a9318233bf2f3f1.js",
			"file": "languge16.23819a9318233bf2f3f1.js"
		},
		{
			"url": "https://static.didiglobal.com/global/hulk/mgm/share/static/js/languge14.e3cecf4d30746a33a4ac.js",
			"file": "languge14.e3cecf4d30746a33a4ac.js"
		},
		{
			"url": "https://static.didiglobal.com/global/hulk/mgm/share/static/js/languge12.9ab6735f26edb1812fec.js",
			"file": "languge12.9ab6735f26edb1812fec.js"
		},
		{
			"url": "https://static.didiglobal.com/global/hulk/mgm/share/static/js/languge10.e18680b96fe88f633cea.js",
			"file": "languge10.e18680b96fe88f633cea.js"
		},
		{
			"url": "https://static.didiglobal.com/global/hulk/mgm/share/static/js/languge8.56956d45b5bb01fdb8af.js",
			"file": "languge8.56956d45b5bb01fdb8af.js"
		},
		{
			"url": "https://static.didiglobal.com/global/hulk/mgm/share/static/js/languge6.0512738a1a408654e2f8.js",
			"file": "languge6.0512738a1a408654e2f8.js"
		},
		{
			"url": "https://static.didiglobal.com/global/hulk/mgm/share/static/js/languge4.e09b4595ddff57ba1ba1.js",
			"file": "languge4.e09b4595ddff57ba1ba1.js"
		},
		{
			"url": "https://static.didiglobal.com/global/hulk/mgm/share/static/js/languge2.b5824905fba3cd381216.js",
			"file": "languge2.b5824905fba3cd381216.js"
		},
		{
			"url": "https://static.didiglobal.com/global/hulk/mgm/share/static/js/languge0.96ebf3c0e5b82a6abbcc.js",
			"file": "languge0.96ebf3c0e5b82a6abbcc.js"
		},
		{
			"url": "https://static.didiglobal.com/global/hulk/mgm/share/static/js/index.389ed6d4d1a03095f65a.js",
			"file": "index.389ed6d4d1a03095f65a.js"
		},
		{
			"url": "https://static.didiglobal.com/global/hulk/mgm/share/static/js/reward.88ddd23adf0c6d9a6117.js",
			"file": "reward.88ddd23adf0c6d9a6117.js"
		},
		{
			"url": "https://static.didiglobal.com/global/hulk/mgm/share/static/js/no-campaign.26c203f2f0d133ab6293.js",
			"file": "no-campaign.26c203f2f0d133ab6293.js"
		},
		{
			"url": "https://static.didiglobal.com/global/hulk/mgm/share/static/js/vendor.b0252df9c814e7ce8e43.js",
			"file": "vendor.b0252df9c814e7ce8e43.js"
		},
		{
			"url": "https://static.didiglobal.com/global/hulk/mgm/share/static/js/app.464faa2771a693f3d6b1.js",
			"file": "app.464faa2771a693f3d6b1.js"
		},
		{
			"url": "https://static.didiglobal.com/global/hulk/mgm/share/static/js/manifest.667ce197094ab2f61a23.js",
			"file": "manifest.667ce197094ab2f61a23.js"
		},
		{
			"url": "https://static.didiglobal.com/global/hulk/mgm/share/static/css/app.396d94490b5828d718378349b8ee9423.css",
			"file": "app.396d94490b5828d718378349b8ee9423.css"
		},
		{
			"url": "https://page.didiglobal.com/global/hulk/mgm/share/index.html",
			"file": "index.html"
		},
		{
			"url": "https://page.99taxis.mobi/global/hulk/mgm/share/index.html",
			"file": "index.html"
		},
		{
			"url": "https://page.99app.com/global/hulk/mgm/share/index.html",
			"file": "index.html"
		},
		{
			"url": "https://static.didiglobal.com/global/share.global.min.js",
			"file": "share.global.min.js"
		},
		{
			"url": "https://static.didiglobal.com/global/hulk/assets/js/vue/vue~all.js",
			"file": "vue~all.js"
		}
	]
}