{
	"page": "redeem_code",
	"version": "201909241432",
	"resource": [
		{
			"url": "https://static.didiglobal.com/global/passenger/apps/redeem/get-coupon/a662c5d9acbb101e6131cc97f9fe763c.png",
			"file": "a662c5d9acbb101e6131cc97f9fe763c.png"
		},
		{
			"url": "https://static.didiglobal.com/global/passenger/apps/redeem/get-coupon/e45b49239ac8c274729ec62744d4a96c.png",
			"file": "e45b49239ac8c274729ec62744d4a96c.png"
		},
		{
			"url": "https://static.didiglobal.com/global/passenger/apps/redeem/get-coupon/1e9049f556783fa76bdfefd2af4a5d07.png",
			"file": "1e9049f556783fa76bdfefd2af4a5d07.png"
		},
		{
			"url": "https://static.didiglobal.com/global/passenger/apps/redeem/get-coupon/pretranslate.8c8e88d24ed224384855.css",
			"file": "pretranslate.8c8e88d24ed224384855.css"
		},
		{
			"url": "https://static.didiglobal.com/global/passenger/apps/redeem/get-coupon/pretranslate.8c8e88d24ed224384855.js",
			"file": "pretranslate.8c8e88d24ed224384855.js"
		},
		{
			"url": "https://static.didiglobal.com/global/passenger/apps/redeem/get-coupon/1.8c8e88d24ed224384855.css",
			"file": "1.8c8e88d24ed224384855.css"
		},
		{
			"url": "https://static.didiglobal.com/global/passenger/apps/redeem/get-coupon/1.8c8e88d24ed224384855.js",
			"file": "1.8c8e88d24ed224384855.js"
		},
		{
			"url": "https://static.didiglobal.com/global/passenger/apps/redeem/get-coupon/2.8c8e88d24ed224384855.js",
			"file": "2.8c8e88d24ed224384855.js"
		},
		{
			"url": "https://page.didiglobal.com/global/passenger/apps/redeem/get-coupon/index.html",
			"file": "index.html"
		}
	]
}
