<?xml version="1.0" encoding="utf-8"?>
<card flex-direction="column" width="100%" height="185" backgroundColor="#FFF3F4F5">
    <image url="{{.card_bg_url}}" position="absolute" width="100%" height="100%"/>
    <view flex-direction="row" width="100%" height="102" justify-content="space-between">
        <view flex-direction="column" align-self="center" margin-left="20" flex-shrink="1">
            <label backgroundColor="#00000000" text="{{.license_num}}" textSize="28" textColor="#FF000000" textStyle="bold" textAlignment="center" padding-left="8" padding-top="4" padding-right="8" padding-bottom="4" borderColor="#FFE9EAEB" borderWidth="2" maxLines="1" cornerRadius="4" flex-shrink="1"/>
            <label text="{{.car_type_info_name}}" textSize="12" textColor="#FF000000" margin-top="8"/>
        </view>
        <image url="{{.icon}}" width="136" height="91" align-self="center" margin-right="13" flex-shrink="0"/>
    </view>
    <view height="1" margin-left="20" margin-right="20" cornerRadius="0.">
        <image position="absolute" url="https://img0.didiglobal.com/static/globalxpanel/do1_jEHQ5u9x2CWm3ePLndsW" width="498" height="100%"/>
    </view>
    <view flex-direction="row" width="100%" height="82" justify-content="space-between">
        <view flex-direction="column" align-self="center" margin-left="20" flex-shrink="1">
            <view flex-direction="row">
                <label text="{{.price_value}}" textSize="24" textColor="#FF000000"  textStyle="bold" highlightTextColor="#FF000000" highlightTextSize="12" highlightTextStyle="bold"/>
            </view>
            <view flex-direction="row" margin-top="4">
                <label text="{{.payment_method}}" textSize="12" textColor="#5C6166" align-self="center"/>
                <label text="{{.discount_coupon}}" textSize="10" textColor="#FFFFFFFF" textAlignment="center" backgroundColor="{{.discount_coupon_bg_color}}" align-self="center" height="12" margin-left="6" cornerRadius="6" padding-left="4" padding-right="4"/>
            </view>
        </view>
        <view align-self="center" margin-right="20" flex-shrink="0">
            <view flex-direction="row-reverse">
                <image x-if="{{.show_arrow}}" url="https://img0.didiglobal.com/static/globalxpanel/do1_QFn9CLurJ4tS3AqedmA6" width="12" height="12" align-self="center"/>
                <view flex-direction="column" align-self="center" margin-right="8">
                    <label text="{{.ticket_num}}" textSize="24" textColor="#FF000000" textStyle="bold" textAlignment="right"/>
                    <label text="{{.ticket_intro}}" textSize="12" textColor="#FF5C6166" textAlignment="right" margin-top="4"/>
                </view>
            </view>
        </view>
        <view x-if="{{.show_arrow}}" width="100%" height="100%" position="absolute" onTouch="{{.ticket_detail_scheme}}">
        </view>
    </view>
</card>

