{
  "page": "sidepannel_help",
  "version": "201910220500",
  "resource": [
    {
      "url": "https://help.didiglobal.com/js/pages/manifest.df448d55538c44381203.js",
      "file": "manifest.df448d55538c44381203.js"
    },
    {
      "url": "https://help.didiglobal.com/js/pages/vendor.f3f847997d1089a353f3.js",
      "file": "vendor.f3f847997d1089a353f3.js"
    },
    {
      "url": "https://help.didiglobal.com/js/pages/passenger-index.651fe475dd72011cbe7c.js",
      "file": "passenger-index.651fe475dd72011cbe7c.js"
    },
    {
      "url": "https://help.didiglobal.com/css/pages/passenger-index.99b70859ad542c83cf1039523e85da54.css",
      "file": "passenger-index.99b70859ad542c83cf1039523e85da54.css"
    },
    {
      "url": "https://help.didiglobal.com/passenger-index.html",
      "file": "passenger-index.html"
    },
    {
      "url": "https://help.didiglobal.com/js/pages/passenger-index-new.5022997d2b227c8d4c95.js",
      "file": "passenger-index-new.5022997d2b227c8d4c95.js"
    },
    {
      "url": "https://help.didiglobal.com/css/pages/passenger-index-new.d6e9e9b6827ed412713b1d17edb9057e.css",
      "file": "passenger-index-new.d6e9e9b6827ed412713b1d17edb9057e.css"
    },
    {
      "url": "https://help.didiglobal.com/passenger-index-new.html",
      "file": "passenger-index-new.html"
    }
  ]
}