{
  "page": "drive_for_us",
  "version": "201908211540",
  "resource": [
    {
      "url": "https://page.didiglobal.com/driver-page/register/index.html",
      "file": "index.html"
    },
    {
      "url": "https://img0.didiglobal.com/static/nskypub/register/1.3952463b.css",
      "file": "1.3952463b.css"
    },
    {
      "url": "https://img0.didiglobal.com/static/nskypub/register/main.c5db186f.css",
      "file": "main.c5db186f.css"
    },
    {
      "url": "https://img0.didiglobal.com/static/nskypub/register/main.d2b9a71d.js",
      "file": "main.d2b9a71d.js"
    },
    {
      "url": "https://img0.didiglobal.com/static/nskypub/register/vue~all.8b7040b1.js",
      "file": "vue~all.8b7040b1.js"
    },
    {
      "url": "https://img0.didiglobal.com/static/nskypub/register/vendors~main.2f08c9d3.js",
      "file": "vendors~main.2f08c9d3.js"
    }
  ]
}
