{
  "page": "processing_help",
  "version": "201910220500",
  "resource": [
    {
      "url": "https://help.didiglobal.com/js/pages/manifest.df448d55538c44381203.js",
      "file": "manifest.df448d55538c44381203.js"
    },
    {
      "url": "https://help.didiglobal.com/js/pages/vendor.f3f847997d1089a353f3.js",
      "file": "vendor.f3f847997d1089a353f3.js"
    },
    {
      "url": "https://help.didiglobal.com/js/pages/processing-passenger-old.f71ec147823502394fd9.js",
      "file": "processing-passenger-old.f71ec147823502394fd9.js"
    },
    {
      "url": "https://help.didiglobal.com/css/pages/processing-passenger-old.f882f6bc05e689a46032b7dda2aeb674.css",
      "file": "processing-passenger-old.f882f6bc05e689a46032b7dda2aeb674.css"
    },
    {
      "url": "https://help.didiglobal.com/processing-passenger-old.html",
      "file": "processing-passenger-old.html"
    },
    {
      "url": "https://help.didiglobal.com/js/pages/processing-passenger.6994769240cb24a9d91e.js",
      "file": "processing-passenger.6994769240cb24a9d91e.js"
    },
    {
      "url": "https://help.didiglobal.com/processing-passenger.html",
      "file": "processing-passenger.html"
    },
    {
      "url": "https://help.didiglobal.com/js/pages/processing-passenger-new.d77f54c16f02522be1d1.js",
      "file": "processing-passenger-new.d77f54c16f02522be1d1.js"
    },
    {
      "url": "https://help.didiglobal.com/css/pages/processing-passenger-new.d6e9e9b6827ed412713b1d17edb9057e.css",
      "file": "processing-passenger-new.d6e9e9b6827ed412713b1d17edb9057e.css"
    },
    {
      "url": "https://help.didiglobal.com/processing-passenger-new.html",
      "file": "processing-passenger-new.html"
    }
  ]
}